b_co,h_02,b_ci,h_i,r_i1,h_ci,b_i,Abi,case,error
0,72.74,0,62,31,0,62,0,0,
0,72.76,0,62,31,0,62,0,0,
0,72.82,0,62.7,31.35,0,62.7,0,0,
0,72.82,0,62.4,31.2,0,62.4,0,0,
0,72.74,0,62,31,0,62,0,0,
0,72.82,0,62,31,0,62,0,0,
0,79.2,0,62,31,0,62,0,0,
0,79.26,0,62,31,0,62,0,0,
0,79.28,0,62.7,31.35,0,62.7,0,0,
0,79.22,0,62.2,31.1,0,62.2,0,0,
0,85.42,0,61.8,30.9,0,61.8,0,0,
0,85.42,0,61.6,30.8,0,61.6,0,0,
0,85.38,0,61.4,30.7,0,61.4,0,0,
0,85.56,0,61.2,30.6,0,61.2,0,0,
0,98.52,0,80.3,40.15,0,80.3,0,0,
0,98.52,0,86.8,43.4,0,86.8,0,0,
0,98.48,0,80.5,40.25,0,80.5,0,0,
0,98.5,0,74,37,0,74,0,0,
0,98.48,0,61.4,30.7,0,61.4,0,0,
0,98.48,0,61.5,30.75,0,61.5,0,0,
0,85.7,0,63.5,31.75,0,63.5,0,0,
0,98.28,0,63.4,31.7,0,63.4,0,0,
0,98.2,0,76.1,38.05,0,76.1,0,0,
0,111.02,0,63.5,31.75,0,63.5,0,0,
0,111.02,0,76.1,38.05,0,76.1,0,0,
0,111.02,0,88.9,44.45,0,88.9,0,0,
0,342.36,0,231,115.5,0,231,0,0,
0,296,0,180,90,0,180,0,0,
0,292,0,180,90,0,180,0,0,
0,102.7,0,48.4,24.2,0,48.4,0,0,
0,105.2,0,48.4,24.2,0,48.4,0,0,
0,158.1,0,101.8,50.9,0,101.8,0,0,
0,107.4,0,48.4,24.2,0,48.4,0,0,
0,108.2,0,48.4,24.2,0,48.4,0,0,
0,159.5,0,101.8,50.9,0,101.8,0,0,
0,174,0,48,24,0,48,0,0,
0,174,0,48,24,0,48,0,0,
0,174,0,88,44,0,88,0,0,
0,174,0,88,44,0,88,0,0,
0,174,0,140,70,0,140,0,0,
0,174,0,140,70,0,140,0,0,
0,108,0,58,29,0,58,0,0,
0,108,0,58,29,0,58,0,0,
0,234,0,114,57,0,114,0,0,
0,234,0,114,57,0,114,0,0,
0,294,0,165,82.5,0,165,0,0,
0,294,0,165,82.5,0,165,0,0,
0,108,0,58,29,0,58,0,0,
0,108,0,58,29,0,58,0,0,
0,108,0,58,29,0,58,0,0,
0,108,0,58,29,0,58,0,0,
0,108,0,58,29,0,58,0,0,
0,108,0,58,29,0,58,0,0,
0,108,0,58,29,0,58,0,0,
0,108,0,58,29,0,58,0,0,
0,108,0,58,29,0,58,0,0,
0,108,0,58,29,0,58,0,0,
0,108,0,58,29,0,58,0,0,
0,114,0,32,16,0,32,0,0,
0,114,0,58,29,0,58,0,0,
0,114,0,88,44,0,88,0,0,
0,174,0,88,44,0,88,0,0,
0,156.2,0,38,19,0,38,0,0,
0,157.2,0,76,38,0,76,0,0,
0,157.2,0,114,57,0,114,0,0,
0,155,0,39,19.5,0,39,0,0,
0,155,0,77,38.5,0,77,0,0,
0,155,0,114,57,0,114,0,0,
0,153.72,0,40,20,0,40,0,0,
0,153.72,0,77,38.5,0,77,0,0,
0,152.72,0,115,57.5,0,115,0,0,
0,234,0,120,60,0,120,0,0,
0,234,0,120,60,0,120,0,0,
0,234,0,80,40,0,80,0,0,
0,234,0,80,40,0,80,0,0,
0,232,0,120,60,0,120,0,0,
0,232,0,120,60,0,120,0,0,
0,232,0,80,40,0,80,0,0,
0,232,0,80,40,0,80,0,0,
0,212.76,0,159,79.5,0,159,0,0,
0,212.76,0,159,79.5,0,159,0,0,
0,212.76,0,106,53,0,106,0,0,
0,212.76,0,106,53,0,106,0,0,
0,212.76,0,159,79.5,0,159,0,0,
0,212.76,0,159,79.5,0,159,0,0,
0,342.36,0,231,115.5,0,231,0,0,
0,342.36,0,231,115.5,0,231,0,0,
0,116.08,0,60,30,0,60,0,0,
0,116.08,0,60,30,0,60,0,0,
0,133.2,0,76.2,38.1,0,76.2,0,0,
0,133.2,0,76.2,38.1,0,76.2,0,0,
0,133.2,0,76.2,38.1,0,76.2,0,0,
0,133.2,0,76.2,38.1,0,76.2,0,0,
0,133.2,0,76.2,38.1,0,76.2,0,0,
0,133.2,0,76.2,38.1,0,76.2,0,0,
0,133.2,0,76.2,38.1,0,76.2,0,0,
0,133.2,0,76.2,38.1,0,76.2,0,0,
0,146.4,0,76.2,38.1,0,76.2,0,0,
0,146.4,0,76.2,38.1,0,76.2,0,0,
0,146.4,0,76.2,38.1,0,76.2,0,0,
0,146.4,0,76.2,38.1,0,76.2,0,0,
0,146.4,0,76.2,38.1,0,76.2,0,0,
0,146.4,0,76.2,38.1,0,76.2,0,0,
0,146.4,0,76.2,38.1,0,76.2,0,0,
0,146.4,0,76.2,38.1,0,76.2,0,0,
0,159.1,0,76.2,38.1,0,76.2,0,0,
0,159.1,0,76.2,38.1,0,76.2,0,0,
0,159.1,0,76.2,38.1,0,76.2,0,0,
0,159.1,0,76.2,38.1,0,76.2,0,0,
0,159.1,0,76.2,38.1,0,76.2,0,0,
0,159.1,0,76.2,38.1,0,76.2,0,0,
0,159.1,0,76.2,38.1,0,76.2,0,0,
0,159.1,0,76.2,38.1,0,76.2,0,0,
0,186.7,0,76.2,38.1,0,76.2,0,0,
0,186.7,0,76.2,38.1,0,76.2,0,0,
0,186.7,0,76.2,38.1,0,76.2,0,0,
0,186.7,0,76.2,38.1,0,76.2,0,0,
0,186.7,0,76.2,38.1,0,76.2,0,0,
0,186.7,0,76.2,38.1,0,76.2,0,0,
0,186.7,0,76.2,38.1,0,76.2,0,0,
0,186.7,0,76.2,38.1,0,76.2,0,0,
0,108.76,0,47.9,23.95,0,47.9,0,0,
0,161.44,0,101.2,50.6,0,101.2,0,0,
0,108.52,0,50.9,25.45,0,50.9,0,0,
0,161.96,0,101.9,50.95,0,101.9,0,0,
0,135,0,114,57,0,114,0,0,
0,135,0,114,57,0,114,0,0,
0,135,0,76,38,0,76,0,0,
0,135,0,76,38,0,76,0,0,
0,434,0,400,200,0,400,0,0,
0,434,0,400,200,0,400,0,0,
0,98.4,0,49.6,24.8,0,49.6,0,0,
0,98.4,0,50.9,25.45,0,50.9,0,0,
0,96.32,0,49.6,24.8,0,49.6,0,0,
0,96.32,0,50.9,25.45,0,50.9,0,0,
0,108.52,0,49.6,24.8,0,49.6,0,0,
0,108.52,0,50.9,25.45,0,50.9,0,0,
0,149.4,0,49.6,24.8,0,49.6,0,0,
0,149.4,0,76.2,38.1,0,76.2,0,0,
0,149.4,0,101.8,50.9,0,101.8,0,0,
0,149.4,0,101.9,50.95,0,101.9,0,0,
0,161.96,0,49.6,24.8,0,49.6,0,0,
0,161.96,0,76.2,38.1,0,76.2,0,0,
0,161.96,0,89.2,44.6,0,89.2,0,0,
0,161.96,0,101.8,50.9,0,101.8,0,0,
0,161.96,0,101.9,50.95,0,101.9,0,0,
0,161.96,0,114.1,57.05,0,114.1,0,0,
0,198.72,0,50.9,25.45,0,50.9,0,0,
0,198.72,0,76.2,38.1,0,76.2,0,0,
0,198.72,0,101.9,50.95,0,101.9,0,0,
0,198.72,0,152.6,76.3,0,152.6,0,0,
0,345,0,219,109.5,0,219,0,0,
0,345,0,219,109.5,0,219,0,0,
0,345,0,168,84,0,168,0,0,
0,102.6,0,60.3,30.15,0,60.3,0,0,
0,102.6,0,60.3,30.15,0,60.3,0,0,
0,108.84,0,60.3,30.15,0,60.3,0,0,
0,108.84,0,60.3,30.15,0,60.3,0,0,
0,102.6,0,60.3,30.15,0,60.3,0,0,
0,102.6,0,60.3,30.15,0,60.3,0,0,
0,108.84,0,60.3,30.15,0,60.3,0,0,
0,108.84,0,60.3,30.15,0,60.3,0,0,
0,134.36,0,22.1,11.05,0,22.1,0,0,
0,134.38,0,22.1,11.05,0,22.1,0,0,
0,134.42,0,22.1,11.05,0,22.1,0,0,
0,134.52,0,32,16,0,32,0,0,
0,134.36,0,31.9,15.95,0,31.9,0,0,
0,134.28,0,31.9,15.95,0,31.9,0,0,
0,134.28,0,38.1,19.05,0,38.1,0,0,
0,134.3,0,38,19,0,38,0,0,
0,134.4,0,37.9,18.95,0,37.9,0,0,
0,134.4,0,55.1,27.55,0,55.1,0,0,
0,134.3,0,55.2,27.6,0,55.2,0,0,
0,134.36,0,89,44.5,0,89,0,0,
0,134.38,0,89.1,44.55,0,89.1,0,0,
0,134.44,0,89.1,44.55,0,89.1,0,0,
0,159.42,0,22,11,0,22,0,0,
0,159.32,0,22.1,11.05,0,22.1,0,0,
0,159.42,0,22.1,11.05,0,22.1,0,0,
0,159.44,0,31.9,15.95,0,31.9,0,0,
0,159.42,0,31.9,15.95,0,31.9,0,0,
0,159.42,0,31.8,15.9,0,31.8,0,0,
0,159.66,0,89,44.5,0,89,0,0,
0,159.58,0,89.1,44.55,0,89.1,0,0,
0,159.36,0,88.9,44.45,0,88.9,0,0,
0,157.84,0,42.5,21.25,0,42.5,0,0,
0,157.52,0,42.7,21.35,0,42.7,0,0,
0,157.64,0,42.6,21.3,0,42.6,0,0,
0,157.7,0,42.7,21.35,0,42.7,0,0,
0,157.42,0,42.6,21.3,0,42.6,0,0,
0,157.52,0,42.5,21.25,0,42.5,0,0,
0,157.6,0,76,38,0,76,0,0,
0,157.6,0,76.2,38.1,0,76.2,0,0,
0,157.76,0,76.1,38.05,0,76.1,0,0,
0,157.82,0,76.4,38.2,0,76.4,0,0,
0,157.44,0,76.3,38.15,0,76.3,0,0,
0,157.28,0,76.1,38.05,0,76.1,0,0,
0,153.38,0,76.1,38.05,0,76.1,0,0,
0,153.02,0,76.2,38.1,0,76.2,0,0,
0,152.88,0,75.9,37.95,0,75.9,0,0,
0,152.8,0,75.8,37.9,0,75.8,0,0,
0,152.88,0,76,38,0,76,0,0,
0,152.8,0,76.1,38.05,0,76.1,0,0,
0,153.3,0,76.1,38.05,0,76.1,0,0,
0,153.08,0,76,38,0,76,0,0,
0,153.02,0,75.8,37.9,0,75.8,0,0,
0,152.98,0,75.9,37.95,0,75.9,0,0,
0,153.22,0,75.9,37.95,0,75.9,0,0,
0,152.86,0,76.1,38.05,0,76.1,0,0,
0,180.3,0,34,17,0,34,0,0,
0,180.24,0,33.9,16.95,0,33.9,0,0,
0,180.2,0,59.6,29.8,0,59.6,0,0,
0,178.12,0,59.1,29.55,0,59.1,0,0,
0,180.48,0,101.6,50.8,0,101.6,0,0,
0,179.04,0,101.2,50.6,0,101.2,0,0,
0,178.72,0,33.7,16.85,0,33.7,0,0,
0,178.66,0,33.5,16.75,0,33.5,0,0,
0,180.7,0,59.4,29.7,0,59.4,0,0,
0,179.88,0,59.1,29.55,0,59.1,0,0,
0,180.4,0,101.1,50.55,0,101.1,0,0,
0,180.52,0,100.9,50.45,0,100.9,0,0,
0,180.1,0,59.9,29.95,0,59.9,0,0,
0,179.78,0,59.1,29.55,0,59.1,0,0,
0,178.9,0,59.4,29.7,0,59.4,0,0,
0,179.96,0,59.7,29.85,0,59.7,0,0,
0,179.66,0,58.9,29.45,0,58.9,0,0,
0,178.44,0,58.9,29.45,0,58.9,0,0,
0,181.78,0,59.4,29.7,0,59.4,0,0,
0,181.68,0,59.3,29.65,0,59.3,0,0,
0,179.46,0,59.5,29.75,0,59.5,0,0,
0,178.64,0,59.5,29.75,0,59.5,0,0,
0,175.56,0,59.7,29.85,0,59.7,0,0,
0,175.14,0,59.8,29.9,0,59.8,0,0,
0,110.24,0,48,24,0,48,0,0,
0,110.24,0,48,24,0,48,0,0,
0,110.24,0,76,38,0,76,0,0,
0,110.24,0,76,38,0,76,0,0,
0,110.24,0,48,24,0,48,0,0,
0,110.24,0,48,24,0,48,0,0,
0,110.24,0,76,38,0,76,0,0,
0,110.24,0,76,38,0,76,0,0,
0,110.24,0,48,24,0,48,0,0,
0,110.24,0,48,24,0,48,0,0,
0,110.24,0,76,38,0,76,0,0,
0,110.24,0,76,38,0,76,0,0,
0,288,0,135,67.5,0,135,0,0,
0,288,0,100,50,0,100,0,0,
0,238,0,100,50,0,100,0,0,
0,288,0,135,67.5,0,135,0,0,
0,288,0,100,50,0,100,0,0,
0,238,0,100,50,0,100,0,0,
0,530.48,0,418,209,0,418,0,0,
0,530.48,0,449,224.5,0,449,0,0,
0,530.48,0,477,238.5,0,477,0,0,
0,530.48,0,418,209,0,418,0,0,
0,530.48,0,449,224.5,0,449,0,0,
0,530.48,0,477,238.5,0,477,0,0,
0,526.74,0,420,210,0,420,0,0,
0,526.74,0,448,224,0,448,0,0,
0,526.74,0,473,236.5,0,473,0,0,
0,159.44,0,89,44.5,0,89,0,0,
0,159.44,0,114,57,0,114,0,0,
0,159.44,0,140,70,0,140,0,0,
0,214.1,0,114,57,0,114,0,0,
0,214.1,0,140,70,0,140,0,0,
0,214.1,0,165,82.5,0,165,0,0,
0,267.66,0,140,70,0,140,0,0,
0,267.66,0,165,82.5,0,165,0,0,
0,157.8,0,42.7,21.35,0,42.7,0,0,
0,157.8,0,42.7,21.35,0,42.7,0,0,
0,157.8,0,42.7,21.35,0,42.7,0,0,
0,157.8,0,76.3,38.15,0,76.3,0,0,
0,157.8,0,76.3,38.15,0,76.3,0,0,
0,157.8,0,76.3,38.15,0,76.3,0,0,
0,153.2,0,76.3,38.15,0,76.3,0,0,
0,153.2,0,76.3,38.15,0,76.3,0,0,
0,153.2,0,76.3,38.15,0,76.3,0,0,
0,157.8,0,76.3,38.15,0,76.3,0,0,
0,153.2,0,76.3,38.15,0,76.3,0,0,
0,153.2,0,76.3,38.15,0,76.3,0,0,
0,134,0,48,24,0,48,0,0,
0,134,0,58,29,0,58,0,0,
0,130,0,68,34,0,68,0,0,
0,130,0,78,39,0,78,0,0,
0,174,0,48,24,0,48,0,0,
0,174,0,58,29,0,58,0,0,
0,170,0,68,34,0,68,0,0,
0,170,0,78,39,0,78,0,0,
0,195,0,76,38,0,76,0,0,
0,195,0,114,57,0,114,0,0,
0,191,0,114,57,0,114,0,0,
0,288,0,203,101.5,0,203,0,0,
0,288,0,203,101.5,0,203,0,0,
0,121,0,48,24,0,48,0,0,
0,121,0,60,30,0,60,0,0,
0,121,0,48,24,0,48,0,0,
0,121,0,60,30,0,60,0,0,
0,134,0,48,24,0,48,0,0,
0,132,0,76,38,0,76,0,0,
0,132,0,76,38,0,76,0,0,
0,176,0,35.2,17.6,0,35.2,0,0,
0,176,0,52.8,26.4,0,52.8,0,0,
0,176,0,70.4,35.2,0,70.4,0,0,
0,176,0,88,44,0,88,0,0,
0,176,0,105.6,52.8,0,105.6,0,0,
0,176,0,123.2,61.6,0,123.2,0,0,
0,176,0,140.8,70.4,0,140.8,0,0,
0,174,0,52.2,26.1,0,52.2,0,0,
0,174,0,52.2,26.1,0,52.2,0,0,
0,174,0,52.2,26.1,0,52.2,0,0,
0,174,0,52.2,26.1,0,52.2,0,0,
0,174,0,52.2,26.1,0,52.2,0,0,
0,174,0,52.2,26.1,0,52.2,0,0,
0,174,0,52.2,26.1,0,52.2,0,0,
0,174,0,69.6,34.8,0,69.6,0,0,
0,174,0,69.6,34.8,0,69.6,0,0,
0,174,0,69.6,34.8,0,69.6,0,0,
0,174,0,69.6,34.8,0,69.6,0,0,
0,174,0,69.6,34.8,0,69.6,0,0,
0,174,0,69.6,34.8,0,69.6,0,0,
0,174,0,69.6,34.8,0,69.6,0,0,
0,174,0,69.6,34.8,0,69.6,0,0,
0,168,0,34.8,17.4,0,34.8,0,0,
0,168,0,34.8,17.4,0,34.8,0,0,
0,168,0,34.8,17.4,0,34.8,0,0,
0,168,0,34.8,17.4,0,34.8,0,0,
0,168,0,34.8,17.4,0,34.8,0,0,
0,168,0,34.8,17.4,0,34.8,0,0,
0,394,0,334,167,0,334,0,0,
0,394,0,334,167,0,334,0,0,
0,394,0,334,167,0,334,0,0,
0,394,0,334,167,0,334,0,0,
0,394,0,334,167,0,334,0,0,
87.96,87.96,0,48.5,24.25,0,48.5,1289.4936,0,
92.14,92.14,0,48.5,24.25,0,48.5,1414.963267,0,
94.1,94.1,0,48.5,24.25,0,48.5,1475.801667,0,
96.06,96.06,0,48.5,24.25,0,48.5,1537.9206,0,
94,94,0,48.5,24.25,0,48.5,1472.666667,0,
96.06,96.06,0,48.5,24.25,0,48.5,1537.9206,0,
114,114,0,58,29,0,58,2166,0,
114,114,0,58,29,0,58,2166,0,
114,114,0,58,29,0,58,2166,0,
114,114,0,58,29,0,58,2166,0,
114,114,0,58,29,0,58,2166,0,
114,114,0,58,29,0,58,2166,0,
114,114,0,58,29,0,58,2166,0,
114,114,0,58,29,0,58,2166,0,
114,114,0,58,29,0,58,2166,0,
114,114,0,58,29,0,58,2166,0,
114,114,0,58,29,0,58,2166,0,
114,114,0,58,29,0,58,2166,0,
114,114,0,32,16,0,32,2166,0,
114,114,0,32,16,0,32,2166,0,
114,114,0,88,44,0,88,2166,0,
114,114,0,88,44,0,88,2166,0,
114,114,0,88,44,0,88,2166,0,
114,114,0,88,44,0,88,2166,0,
174,174,0,88,44,0,88,5046,0,
174,174,0,88,44,0,88,5046,0,
234,234,0,114,57,0,114,9126,0,
234,234,0,114,57,0,114,9126,0,
294,294,0,165,82.5,0,165,14406,0,
294,294,0,165,82.5,0,165,14406,0,
114,114,0,32,16,0,32,2166,0,
114,114,0,32,16,0,32,2166,0,
114,114,0,58,29,0,58,2166,0,
114,114,0,58,29,0,58,2166,0,
114,114,0,88,44,0,88,2166,0,
114,114,0,88,44,0,88,2166,0,
174,174,0,88,44,0,88,5046,0,
174,174,0,88,44,0,88,5046,0,
234,234,0,114,57,0,114,9126,0,
234,234,0,114,57,0,114,9126,0,
294,294,0,165,82.5,0,165,14406,0,
294,294,0,165,82.5,0,165,14406,0,
212.76,212.76,0,159,79.5,0,159,7544.4696,0,
212.76,212.76,0,159,79.5,0,159,7544.4696,0,
212.76,212.76,0,106,53,0,106,7544.4696,0,
212.76,212.76,0,106,53,0,106,7544.4696,0,
212.76,212.76,0,159,79.5,0,159,7544.4696,0,
212.76,212.76,0,159,79.5,0,159,7544.4696,0,
152.76,152.76,0,60,30,0,60,3889.2696,0,
210,210,0,90,45,0,90,7350,0,
212,212,0,90,45,0,90,7490.666667,0,
214,214,0,90,45,0,90,7632.666667,0,
216,216,0,90,45,0,90,7776,0,
218,218,0,90,45,0,90,7920.666667,0,
280,280,0,150,75,0,150,13066.66667,0,
330,330,0,150,75,0,150,18150,0,
380,380,0,150,75,0,150,24066.66667,0,
430,430,0,150,75,0,150,30816.66667,0,
480,480,0,150,75,0,150,38400,0,
204,204,0,90,45,0,90,6936,0,
204,204,0,90,45,0,90,6936,0,
204,204,0,90,45,0,90,6936,0,
204,204,0,90,45,0,90,6936,0,
204,204,0,90,45,0,90,6936,0,
204,204,0,20.5,10.25,0,20.5,6936,0,
204,204,0,40,20,0,40,6936,0,
204,204,0,60,30,0,60,6936,0,
204,204,0,102,51,0,102,6936,0,
204,204,0,143,71.5,0,143,6936,0,
204,204,0,163,81.5,0,163,6936,0,
280,280,0,150,75,0,150,13066.66667,0,
280,280,0,150,75,0,150,13066.66667,0,
280,280,0,150,75,0,150,13066.66667,0,
280,280,0,150,75,0,150,13066.66667,0,
280,280,0,150,75,0,150,13066.66667,0,
280,280,0,150,75,0,150,13066.66667,0,
280,280,0,150,75,0,150,13066.66667,0,
280,280,0,150,75,0,150,13066.66667,0,
280,280,0,150,75,0,150,13066.66667,0,
280,280,0,150,75,0,150,13066.66667,0,
280,280,0,150,75,0,150,13066.66667,0,
280,280,0,150,75,0,150,13066.66667,0,
280,280,0,150,75,0,150,13066.66667,0,
280,280,0,150,75,0,150,13066.66667,0,
280,280,0,150,75,0,150,13066.66667,0,
114,114,0,32,16,0,32,2166,0,
114,114,0,58,29,0,58,2166,0,
114,114,0,88,44,0,88,2166,0,
180,180,0,30,15,0,30,5400,0,
180,180,0,60,30,0,60,5400,0,
180,180,0,108,54,0,108,5400,0,
180,180,0,140,70,0,140,5400,0,
100,100,0,60,30,0,60,1666.666667,0,
130,130,0,80,40,0,80,2816.666667,0,
230,230,0,140,70,0,140,8816.666667,0,
114,114,52,58,0,52,58,2382.619551,2,
114,114,52,58,0,52,58,2382.619551,2,
93.6,143.6,38.6,75,0,68.6,45,1708.486667,1,
93.6,143.6,38.6,75,0,68.6,45,1708.486667,1,
87.76,87.76,45.12,50,0,45.12,50,1236.561361,2,
87.76,87.76,45.12,50,0,45.12,50,1236.561361,2,
92.48,92.48,45.12,50,0,45.12,50,1457.262959,2,
92.48,92.48,45.12,50,0,45.12,50,1457.262959,2,
94.32,94.32,45.12,50,0,45.12,50,1551.240701,2,
94.32,94.32,45.12,50,0,45.12,50,1551.240701,2,
96.38,96.38,45.12,50,0,45.12,50,1661.885306,2,
96.38,96.38,45.12,50,0,45.12,50,1661.885306,2,
114,154,54,60,0,54,60,2652,1,
114,154,54,80,0,74,60,3385.072415,2,
114,154,54,100,0,94,60,2286.284638,2,
124,164,54,60,0,54,60,3048.666667,1,
124,164,54,80,0,74,60,4482.536736,2,
124,164,54,100,0,94,60,2995.585342,2,
72,72,32,60,0,32,60,1034.67,,όΩιό│Χόι╣όΞχύ╗βίχγίΠΓόΧ░ύκχίχγϋχκύχΩίε║όβψΎ╝Νϋψ╖όμΑόθξίΘιϊ╜ΧίΠΓόΧ░όαψίΡοίΡΙύΡ?
72,72,32,60,0,32,60,1034.67,,όΩιό│Χόι╣όΞχύ╗βίχγίΠΓόΧ░ύκχίχγϋχκύχΩίε║όβψΎ╝Νϋψ╖όμΑόθξίΘιϊ╜ΧίΠΓόΧ░όαψίΡοίΡΙύΡ?
72,72,32,60,0,32,60,1034.67,,όΩιό│Χόι╣όΞχύ╗βίχγίΠΓόΧ░ύκχίχγϋχκύχΩίε║όβψΎ╝Νϋψ╖όμΑόθξίΘιϊ╜ΧίΠΓόΧ░όαψίΡοίΡΙύΡ?
72,72,32,60,0,32,60,1034.67,,όΩιό│Χόι╣όΞχύ╗βίχγίΠΓόΧ░ύκχίχγϋχκύχΩίε║όβψΎ╝Νϋψ╖όμΑόθξίΘιϊ╜ΧίΠΓόΧ░όαψίΡοίΡΙύΡ?
72,72,32,60,0,32,60,1034.67,,όΩιό│Χόι╣όΞχύ╗βίχγίΠΓόΧ░ύκχίχγϋχκύχΩίε║όβψΎ╝Νϋψ╖όμΑόθξίΘιϊ╜ΧίΠΓόΧ░όαψίΡοίΡΙύΡ?
72,72,32,60,0,32,60,1034.67,,όΩιό│Χόι╣όΞχύ╗βίχγίΠΓόΧ░ύκχίχγϋχκύχΩίε║όβψΎ╝Νϋψ╖όμΑόθξίΘιϊ╜ΧίΠΓόΧ░όαψίΡοίΡΙύΡ?
72,72,32,60,0,32,60,1034.67,,όΩιό│Χόι╣όΞχύ╗βίχγίΠΓόΧ░ύκχίχγϋχκύχΩίε║όβψΎ╝Νϋψ╖όμΑόθξίΘιϊ╜ΧίΠΓόΧ░όαψίΡοίΡΙύΡ?
72,72,32,60,0,32,60,1034.67,,όΩιό│Χόι╣όΞχύ╗βίχγίΠΓόΧ░ύκχίχγϋχκύχΩίε║όβψΎ╝Νϋψ╖όμΑόθξίΘιϊ╜ΧίΠΓόΧ░όαψίΡοίΡΙύΡ?
72,72,32,60,0,32,60,1034.67,,όΩιό│Χόι╣όΞχύ╗βίχγίΠΓόΧ░ύκχίχγϋχκύχΩίε║όβψΎ╝Νϋψ╖όμΑόθξίΘιϊ╜ΧίΠΓόΧ░όαψίΡοίΡΙύΡ?
72,72,32,60,0,32,60,1034.67,,όΩιό│Χόι╣όΞχύ╗βίχγίΠΓόΧ░ύκχίχγϋχκύχΩίε║όβψΎ╝Νϋψ╖όμΑόθξίΘιϊ╜ΧίΠΓόΧ░όαψίΡοίΡΙύΡ?
152.76,152.76,47.58,53,0,47.58,53,7354.956486,2,
152.76,152.76,47.58,53,0,47.58,53,7354.956486,2,
74.08,114.08,14.72,19.9,0,14.72,19.9,950.7541333,1,
74.1,114.1,15.56,20,0,14.66,20.9,955.4872667,1,
74.04,114.04,15.68,19.9,0,14.68,20.9,954.6306667,1,
74.06,114.06,17.26,20.3,0,17.26,20.3,963.7985333,1,
73.94,114.04,17.14,20.2,0,17.14,20.2,960.1505333,1,
73.96,114.06,17.12,20.2,0,17.12,20.2,960.5293333,1,
73.98,114.08,17.14,20.2,0,17.14,20.2,961.1366667,1,
72.14,92.24,14.8,20,0,14.8,20,903.8699333,1,
72.22,92.42,14.7,20,0,14.7,20,905.3030667,1,
191.2,191.2,111.3,120,0,111.3,120,5323.367927,2,
191.2,191.2,111.3,120,0,111.3,120,5323.367927,2,
191.2,191.2,111.3,120,0,111.3,120,5323.367927,2,
191.2,191.2,111.3,120,0,111.3,120,5323.367927,2,
191.2,191.2,111.3,120,0,111.3,120,5323.367927,2,
94,94,32.32,40,0,32.32,40,2073.204817,2,
93.88,93.88,32.28,40,0,32.28,40,2065.005875,2,
93.94,93.94,32.26,40,0,32.26,40,2069.677426,2,
93.92,93.92,32.28,40,0,32.28,40,2067.927816,2,
93.94,93.94,37.56,40.4,0,37.56,40.4,1978.457732,2,
93.9,93.9,37.52,40.4,0,37.52,40.4,1976.191885,2,
93.9,93.9,37.52,40.4,0,37.52,40.4,1976.191885,2,
152.76,152.76,47.6,53,0,47.6,53,7351.795073,2,
494,494,344,350,0,344,350,33122.30778,2,
494,494,394,400,0,394,400,33027.35245,2,
114,154,54,60,0,54,60,2652,1,
114,154,54,80,0,74,60,3385.072415,2,
114,154,54,100,0,94,60,2286.284638,2,
124,164,54,60,0,54,60,3048.666667,1,
87.8,87.8,45.12,50,0,45.12,50,1238.31101,2,
92.47,92.47,45.12,50,0,45.12,50,1456.764561,2,
230,280,85,150,0,135,100,11933.4831,2,
230,280,90,150,0,140,100,11783.22444,2,
230,280,92.5,150,0,142.5,100,11711.12315,2,
230,280,94,150,0,144,100,11668.78928,2,
230,280,85,150,0,135,100,11933.4831,2,
230,280,90,150,0,140,100,11783.22444,2,
230,280,92.5,150,0,142.5,100,11711.12315,2,
230,280,94,150,0,144,100,11668.78928,2,
230,280,85,150,0,135,100,11933.4831,2,
230,280,90,150,0,140,100,11783.22444,2,
230,280,92.5,150,0,142.5,100,11711.12315,2,
230,280,94,150,0,144,100,11668.78928,2,
235,285,85,150,0,135,100,12809.93613,2,
235,285,90,150,0,140,100,12643.07343,2,
235,285,92.5,150,0,142.5,100,12563.01093,2,
235,285,94,150,0,144,100,12515.99965,2,
235,285,85,150,0,135,100,12809.93613,2,
235,285,90,150,0,140,100,12643.07343,2,
235,285,92.5,150,0,142.5,100,12563.01093,2,
235,285,94,150,0,144,100,12515.99965,2,
235,285,85,150,0,135,100,12809.93613,2,
235,285,90,150,0,140,100,12643.07343,2,
235,285,92.5,150,0,142.5,100,12563.01093,2,
235,285,94,150,0,144,100,12515.99965,2,
238,288,85,150,0,135,100,13358.35422,2,
238,288,90,150,0,140,100,13180.77147,2,
238,288,92.5,150,0,142.5,100,13095.59833,2,
238,288,94,150,0,144,100,13045.59226,2,
238,288,85,150,0,135,100,13358.35422,2,
238,288,90,150,0,140,100,13180.77147,2,
238,288,92.5,150,0,142.5,100,13095.59833,2,
238,288,94,150,0,144,100,13045.59226,2,
238,288,85,150,0,135,100,13358.35422,2,
238,288,90,150,0,140,100,13180.77147,2,
238,288,92.5,150,0,142.5,100,13095.59833,2,
238,288,94,150,0,144,100,13045.59226,2,
240,290,85,150,0,135,100,13733.73104,2,
240,290,90,150,0,140,100,13548.63013,2,
240,290,92.5,150,0,142.5,100,13459.88835,2,
240,290,94,150,0,144,100,13407.79523,2,
240,290,85,150,0,135,100,13733.73104,2,
240,290,90,150,0,140,100,13548.63013,2,
240,290,92.5,150,0,142.5,100,13459.88835,2,
240,290,94,150,0,144,100,13407.79523,2,
240,290,85,150,0,135,100,13733.73104,2,
240,290,90,150,0,140,100,13548.63013,2,
240,290,92.5,150,0,142.5,100,13459.88835,2,
240,290,94,150,0,144,100,13407.79523,2,
174,174,28.8,34.8,0,28.8,34.8,5184.24,1,
174,174,46.2,52.2,0,46.2,52.2,5401.74,1,
174,174,63.6,69.6,0,63.6,69.6,7482.79802,2,
174,174,81,87,0,81,87,5634.191887,2,
174,174,98.4,104.4,0,98.4,104.4,4597.17519,2,
174,174,115.8,121.8,0,115.8,121.8,4099.796423,2,
174,174,133.2,139.2,0,133.2,139.2,8003.04,,όΩιό│Χόι╣όΞχύ╗βίχγίΠΓόΧ░ύκχίχγϋχκύχΩίε║όβψΎ╝Νϋψ╖όμΑόθξίΘιϊ╜ΧίΠΓόΧ░όαψίΡοίΡΙύΡ?
174,174,63.6,69.6,0,63.6,69.6,7482.79802,2,
174,174,63.6,69.6,0,63.6,69.6,7482.79802,2,
174,174,63.6,69.6,0,63.6,69.6,7482.79802,2,
174,174,63.6,69.6,0,63.6,69.6,7482.79802,2,
174,174,63.6,69.6,0,63.6,69.6,7482.79802,2,
174,174,63.6,69.6,0,63.6,69.6,7482.79802,2,
174,174,63.6,69.6,0,63.6,69.6,7482.79802,2,
174,174,63.6,69.6,0,63.6,69.6,7482.79802,2,
168,168,28.8,34.8,0,28.8,34.8,4842.24,1,
168,168,28.8,34.8,0,28.8,34.8,4842.24,1,
168,168,28.8,34.8,0,28.8,34.8,4842.24,1,
168,168,28.8,34.8,0,28.8,34.8,4842.24,1,
168,168,28.8,34.8,0,28.8,34.8,4842.24,1,
168,168,28.8,34.8,0,28.8,34.8,4842.24,1,
0,102.59,37.14,40.14,0,37.14,40.14,229.8966,0,
0,105.09,36.54,40.14,0,36.54,40.14,222.5286,0,
0,107.47,36.54,40.14,0,36.54,40.14,222.5286,0,
0,108.49,36.54,40.14,0,36.54,40.14,222.5286,0,
0,132.83,60.23,65.17,0,60.23,65.17,604.6088167,0,
0,133.79,60.23,65.17,0,60.23,65.17,604.6088167,0,
0,158.3,69.49,75.29,0,69.49,75.29,804.8100167,0,
0,159.38,69.49,75.29,0,69.49,75.29,804.8100167,0,
0,86,32,60,0,32,60,170.6666667,0,
0,86,32,60,0,32,60,170.6666667,0,
0,86,32,60,0,32,60,170.6666667,0,
0,86,32,60,0,32,60,170.6666667,0,
0,86,32,60,0,32,60,170.6666667,0,
0,86,32,60,0,32,60,170.6666667,0,
0,86,32,60,0,32,60,170.6666667,0,
0,86,32,60,0,32,60,170.6666667,0,
0,86,32,60,0,32,60,170.6666667,0,
0,86,32,60,0,32,60,170.6666667,0,
0,189.76,0,136,68,0,136,0,0,
0,189.76,0,136,68,0,136,0,0,
0,189.76,0,83,41.5,0,83,0,0,
0,189.76,0,83,41.5,0,83,0,0,
0,189.76,0,136,68,0,136,0,0,
0,189.76,0,136,68,0,136,0,0,
189.76,189.76,0,136,68,0,136,6001.476267,0,
189.76,189.76,0,136,68,0,136,6001.476267,0,
189.76,189.76,0,83,41.5,0,83,6001.476267,0,
189.76,189.76,0,83,41.5,0,83,6001.476267,0,
189.76,189.76,0,136,68,0,136,6001.476267,0,
189.76,189.76,0,136,68,0,136,6001.476267,0,
0,342.36,0,231,115.5,0,231,0,0,
0,342.36,0,231,115.5,0,231,0,0,
0,321.36,0,210,105,0,210,0,0,
0,321.36,0,210,105,0,210,0,0,
0,300.36,0,189,94.5,0,189,0,0,
0,300.36,0,189,94.5,0,189,0,0,
0,274.36,0,180,90,0,180,0,0,
0,274.36,0,180,90,0,180,0,0,
0,227.36,0,150,75,0,150,0,0,
0,227.36,0,150,75,0,150,0,0,
0,278,0,140,70,0,140,0,0,
0,278,0,170,85,0,170,0,0,
0,228,0,140,70,0,140,0,0,
0,248,0,110,55,0,110,0,0,
0,278,0,140,70,0,140,0,0,
0,278,0,170,85,0,170,0,0,
0,228,0,140,70,0,140,0,0,
0,248,0,110,55,0,110,0,0,
0,331.76,0,278,139,0,278,0,0,
0,275.76,0,222,111,0,222,0,0,
0,275.76,0,222,111,0,222,0,0,
0,274.06,0,192,96,0,192,0,0,
0,270.06,0,192,96,0,192,0,0,
0,174.44,0,135,67.5,0,135,0,0,
0,174.44,0,135,67.5,0,135,0,0,
0,174.44,0,135,67.5,0,135,0,0,
0,174.44,0,135,67.5,0,135,0,0,
0,169.44,0,130,65,0,130,0,0,
0,169.44,0,130,65,0,130,0,0,
0,169.44,0,130,65,0,130,0,0,
0,169.44,0,130,65,0,130,0,0,
0,164.44,0,125,62.5,0,125,0,0,
0,164.44,0,125,62.5,0,125,0,0,
0,164.44,0,125,62.5,0,125,0,0,
0,164.44,0,125,62.5,0,125,0,0,
0,334,0,274,137,0,274,0,0,
0,294,0,234,117,0,234,0,0,
0,334,0,254,127,0,254,0,0,
0,334,0,234,117,0,234,0,0,
0,333,0,274,137,0,274,0,0,
0,335,0,274,137,0,274,0,0,
0,392,0,332,166,0,332,0,0,
0,154.44,0,105,52.5,0,105,0,0,
0,154.44,0,105,52.5,0,105,0,0,
0,154.44,0,121,60.5,0,121,0,0,
0,154.44,0,121,60.5,0,121,0,0,
0,163.44,0,111,55.5,0,111,0,0,
0,163.44,0,111,55.5,0,111,0,0,
0,163.44,0,128,64,0,128,0,0,
0,163.44,0,128,64,0,128,0,0,
0,173.44,0,118,59,0,118,0,0,
0,173.44,0,118,59,0,118,0,0,
0,173.44,0,136,68,0,136,0,0,
0,173.44,0,136,68,0,136,0,0,
0,268.84,0,81,40.5,0,81,0,0,
0,268.84,0,162,81,0,162,0,0,
0,268.84,0,162,81,0,162,0,0,
0,268.84,0,243,121.5,0,243,0,0,
0,268.84,0,243,121.5,0,243,0,0,
0,268.84,0,243,121.5,0,243,0,0,
0,268.84,0,243,121.5,0,243,0,0,
0,291.84,0,104,52,0,104,0,0,
0,291.84,0,185,92.5,0,185,0,0,
0,291.84,0,266,133,0,266,0,0,
0,291.84,0,266,133,0,266,0,0,
0,342.36,0,231,115.5,0,231,0,0,
0,321.36,0,210,105,0,210,0,0,
0,300.36,0,189,94.5,0,189,0,0,
0,274.36,0,180,90,0,180,0,0,
0,163.44,0,122,61,0,122,0,0,
0,163.44,0,139,69.5,0,139,0,0,
0,172.44,0,129,64.5,0,129,0,0,
0,172.44,0,147,73.5,0,147,0,0,
0,428.42,0,344,172,0,344,0,0,
0,428.42,0,344,172,0,344,0,0,
0,426.36,0,344,172,0,344,0,0,
0,426.36,0,344,172,0,344,0,0,
0,422.4,0,344,172,0,344,0,0,
0,422.4,0,294,147,0,294,0,0,
0,422.4,0,294,147,0,294,0,0,
0,422.4,0,294,147,0,294,0,0,
0,348.84,0,283,141.5,0,283,0,0,
0,348.84,0,283,141.5,0,283,0,0,
